<?xml version="1.0" encoding="UTF-8"?>
<library xmlns="http://www.demandware.com/xml/impex/library/2006-10-31" library-id="SiteGenesisSharedLibrary">

    <content content-id="0cf352d251b98d1126196fa55d">
        <type>component.assets.ruledrivenproducttile</type>
        <config>{
  "visibility" : [ ]
}</config>
        <data xml:lang="x-default">{
  "shop_now_target" : null,
  "text_headline" : "Bestselling Dress",
  "category" : "womens-clothing-dresses",
  "sorting_rule" : "top-sellers"
}</data>
        <data xml:lang="en-US">{
  "shop_now_target" : null,
  "text_headline" : "Bestselling Dress",
  "category" : "womens-clothing-dresses",
  "sorting_rule" : "top-sellers"
}</data>
        <online-flag>true</online-flag>
        <online-flag site-id="SiteGenesis">true</online-flag>
        <page-attributes/>
    </content>

    <content content-id="0cfa3e1595b51f45b24a3374fb">
        <type>component.layouts.1column</type>
        <config>{
  "visibility" : [ ]
}</config>
        <data xml:lang="x-default">{ }</data>
        <data xml:lang="en-US">{ }</data>
        <online-flag>true</online-flag>
        <online-flag site-id="SiteGenesis">true</online-flag>
        <page-attributes/>
        <content-links>
            <content-link content-id="3b40084cc7d0b36f9f9bc73142" type="component.layouts.1column.column1">
                <position>0.0</position>
            </content-link>
        </content-links>
    </content>

    <content content-id="138230f0cd59436fa6eb33bae2">
        <type>component.assets.headlinebanner</type>
        <config>{
  "visibility" : [ ]
}</config>
        <data xml:lang="x-default">{
  "image" : {
    "path" : "/images/help/warranty-header.jpg",
    "focal_point" : {
      "x" : 0.35,
      "y" : 0.43
    },
    "meta_data" : {
      "height" : 457,
      "width" : 1200
    }
  },
  "text_subline" : null,
  "text_headline" : "&lt;p&gt;Warranty Policy&lt;/p&gt;"
}</data>
        <data xml:lang="en-US">{
  "image" : {
    "path" : "/images/help/warranty-header.jpg",
    "focal_point" : {
      "x" : 0.35,
      "y" : 0.43
    },
    "meta_data" : {
      "height" : 457,
      "width" : 1200
    }
  },
  "text_subline" : null,
  "text_headline" : "&lt;p&gt;Warranty Policy&lt;/p&gt;"
}</data>
        <online-flag>true</online-flag>
        <online-flag site-id="SiteGenesis">true</online-flag>
        <page-attributes/>
    </content>

    <content content-id="16bc086446b5ce625de7030060">
        <type>component.assets.headlinebanner</type>
        <config>{
  "visibility" : [ ]
}</config>
        <data xml:lang="x-default">{
  "image" : {
    "path" : "/images/Summer-Fall2018/CategoryImages/WmnDressCat_3-wide.jpg",
    "focal_point" : {
      "x" : 0.5,
      "y" : 0.5
    },
    "meta_data" : {
      "height" : 640,
      "width" : 1200
    }
  },
  "text_subline" : "&lt;p style=\"text-align: center;\"&gt;&lt;a href=\"$url('Search-Show','cgid','womens-clothing-dresses')$\" data-link-type=\"category\" data-category-id=\"womens-clothing-dresses\" data-category-label=\"womens-clothing-dresses\" data-category-catalog=\"undefined\" data-category-type=\"undefined\" style=\"color: rgb(238, 238, 238);\"&gt;Get ready for summer&lt;/a&gt;&lt;/p&gt;",
  "text_headline" : "&lt;p style=\"text-align: center;\"&gt;&lt;a href=\"$url('Search-Show','cgid','womens-clothing-dresses')$\" data-link-type=\"category\" data-category-id=\"womens-clothing-dresses\" data-category-label=\"womens-clothing-dresses\" data-category-catalog=\"undefined\" data-category-type=\"undefined\" style=\"color: rgb(238, 238, 238);\"&gt;Women's Dresses&lt;/a&gt;&lt;/p&gt;"
}</data>
        <data xml:lang="en-US">{
  "image" : {
    "path" : "/images/Summer-Fall2018/CategoryImages/WmnDressCat_3-wide.jpg",
    "focal_point" : {
      "x" : 0.5,
      "y" : 0.5
    },
    "meta_data" : {
      "height" : 640,
      "width" : 1200
    }
  },
  "text_subline" : "&lt;p style=\"text-align: center;\"&gt;&lt;a href=\"$url('Search-Show','cgid','womens-clothing-dresses')$\" data-link-type=\"category\" data-category-id=\"womens-clothing-dresses\" data-category-label=\"womens-clothing-dresses\" data-category-catalog=\"undefined\" data-category-type=\"undefined\" style=\"color: rgb(238, 238, 238);\"&gt;Get ready for summer&lt;/a&gt;&lt;/p&gt;",
  "text_headline" : "&lt;p style=\"text-align: center;\"&gt;&lt;a href=\"$url('Search-Show','cgid','womens-clothing-dresses')$\" data-link-type=\"category\" data-category-id=\"womens-clothing-dresses\" data-category-label=\"womens-clothing-dresses\" data-category-catalog=\"undefined\" data-category-type=\"undefined\" style=\"color: rgb(238, 238, 238);\"&gt;Women's Dresses&lt;/a&gt;&lt;/p&gt;"
}</data>
        <online-flag>true</online-flag>
        <online-flag site-id="SiteGenesis">true</online-flag>
        <page-attributes/>
    </content>

    <content content-id="1ea49a5aacc8c563ccf7830f27">
        <type>component.assets.ruledrivenproducttile</type>
        <config>{
  "visibility" : [ ]
}</config>
        <data xml:lang="x-default">{
  "shop_now_target" : null,
  "text_headline" : "Affordable Suit",
  "category" : "mens-clothing-suits",
  "sorting_rule" : "price-low-to-high"
}</data>
        <data xml:lang="en-US">{
  "shop_now_target" : null,
  "text_headline" : "Affordable Suit",
  "category" : "mens-clothing-suits",
  "sorting_rule" : "price-low-to-high"
}</data>
        <online-flag>true</online-flag>
        <online-flag site-id="SiteGenesis">true</online-flag>
        <page-attributes/>
    </content>

    <content content-id="3600e610a31c99eb925d287d78">
        <type>component.assets.ruledrivenproducttile</type>
        <config>{
  "visibility" : [ ]
}</config>
        <data xml:lang="x-default">{
  "shop_now_target" : null,
  "text_headline" : "Don't Overlook",
  "category" : "mens",
  "sorting_rule" : "product-name-descending"
}</data>
        <data xml:lang="en-US">{
  "shop_now_target" : null,
  "text_headline" : "Don't Overlook",
  "category" : "mens",
  "sorting_rule" : "product-name-descending"
}</data>
        <online-flag>true</online-flag>
        <online-flag site-id="SiteGenesis">true</online-flag>
        <page-attributes/>
    </content>

    <content content-id="3b40084cc7d0b36f9f9bc73142">
        <type>component.layouts.carousel</type>
        <config>{
  "visibility" : [ ]
}</config>
        <data xml:lang="x-default">{ }</data>
        <data xml:lang="en-US">{ }</data>
        <online-flag>true</online-flag>
        <online-flag site-id="SiteGenesis">true</online-flag>
        <page-attributes/>
        <content-links>
            <content-link content-id="a5bef000c6dab2a8e70ab193a2" type="component.layouts.carousel.slides">
                <position>0.0</position>
            </content-link>
            <content-link content-id="16bc086446b5ce625de7030060" type="component.layouts.carousel.slides">
                <position>1.0</position>
            </content-link>
        </content-links>
    </content>

    <content content-id="73ecf89a4cf25d14cb27fc1be4">
        <type>component.layouts.gridcomponentlayout</type>
        <config>{
  "visibility" : [ ]
}</config>
        <data xml:lang="x-default">{
  "text_headline" : "Collection Highlights"
}</data>
        <data xml:lang="en-US">{
  "text_headline" : "Collection Highlights"
}</data>
        <online-flag>true</online-flag>
        <online-flag site-id="SiteGenesis">true</online-flag>
        <page-attributes/>
        <content-links>
            <content-link content-id="0cf352d251b98d1126196fa55d" type="component.layouts.gridcomponentlayout.components">
                <position>0.0</position>
            </content-link>
            <content-link content-id="1ea49a5aacc8c563ccf7830f27" type="component.layouts.gridcomponentlayout.components">
                <position>1.0</position>
            </content-link>
            <content-link content-id="e21ffdc71ace79c50df5be36bd" type="component.layouts.gridcomponentlayout.components">
                <position>2.0</position>
            </content-link>
            <content-link content-id="de3406c316186572d3d300fd2a" type="component.layouts.gridcomponentlayout.components">
                <position>3.0</position>
            </content-link>
            <content-link content-id="9455e33e14d81b2137252e8a42" type="component.layouts.gridcomponentlayout.components">
                <position>4.0</position>
            </content-link>
            <content-link content-id="3600e610a31c99eb925d287d78" type="component.layouts.gridcomponentlayout.components">
                <position>5.0</position>
            </content-link>
        </content-links>
    </content>

    <content content-id="9455e33e14d81b2137252e8a42">
        <type>component.assets.ruledrivenproducttile</type>
        <config>{
  "visibility" : [ ]
}</config>
        <data xml:lang="x-default">{
  "shop_now_target" : null,
  "text_headline" : "Popular Today",
  "category" : "",
  "sorting_rule" : "most-popular"
}</data>
        <data xml:lang="en-US">{
  "shop_now_target" : null,
  "text_headline" : "Popular Today",
  "category" : "",
  "sorting_rule" : "most-popular"
}</data>
        <online-flag>true</online-flag>
        <online-flag site-id="SiteGenesis">true</online-flag>
        <page-attributes/>
    </content>

    <content content-id="a5bef000c6dab2a8e70ab193a2">
        <type>component.assets.headlinebanner</type>
        <config>{
  "visibility" : [ ]
}</config>
        <data xml:lang="x-default">{
  "image" : {
    "path" : "/images/Summer-Fall2018/CategoryImages/MenAccessCat-wide.jpg",
    "focal_point" : {
      "x" : 0.5,
      "y" : 0.5
    },
    "meta_data" : {
      "height" : 640,
      "width" : 1200
    }
  },
  "text_subline" : "&lt;p style=\"text-align: center;\"&gt;&lt;a data-category-type=\"undefined\" data-category-catalog=\"undefined\" data-category-label=\"mens-accessories\" data-category-id=\"mens-accessories\" data-link-type=\"category\" href=\"$url('Search-Show','cgid','mens-accessories')$\" style=\"color: rgb(238, 238, 238);\"&gt;Explore new Collection&lt;/a&gt;&lt;/p&gt;",
  "text_headline" : "&lt;p style=\"text-align: center;\"&gt;&lt;a data-category-type=\"undefined\" data-category-catalog=\"undefined\" data-category-label=\"mens-accessories\" data-category-id=\"mens-accessories\" data-link-type=\"category\" href=\"$url('Search-Show','cgid','mens-accessories')$\" style=\"color: rgb(238, 238, 238);\"&gt;Men's Accessories&lt;/a&gt;&lt;/p&gt;"
}</data>
        <data xml:lang="en-US">{
  "image" : {
    "path" : "/images/Summer-Fall2018/CategoryImages/MenAccessCat-wide.jpg",
    "focal_point" : {
      "x" : 0.5,
      "y" : 0.5
    },
    "meta_data" : {
      "height" : 640,
      "width" : 1200
    }
  },
  "text_subline" : "&lt;p style=\"text-align: center;\"&gt;&lt;a data-category-type=\"undefined\" data-category-catalog=\"undefined\" data-category-label=\"mens-accessories\" data-category-id=\"mens-accessories\" data-link-type=\"category\" href=\"$url('Search-Show','cgid','mens-accessories')$\" style=\"color: rgb(238, 238, 238);\"&gt;Explore new Collection&lt;/a&gt;&lt;/p&gt;",
  "text_headline" : "&lt;p style=\"text-align: center;\"&gt;&lt;a data-category-type=\"undefined\" data-category-catalog=\"undefined\" data-category-label=\"mens-accessories\" data-category-id=\"mens-accessories\" data-link-type=\"category\" href=\"$url('Search-Show','cgid','mens-accessories')$\" style=\"color: rgb(238, 238, 238);\"&gt;Men's Accessories&lt;/a&gt;&lt;/p&gt;"
}</data>
        <online-flag>true</online-flag>
        <online-flag site-id="SiteGenesis">true</online-flag>
        <page-attributes/>
    </content>

    <content content-id="a85e07337e5cee4b124b1b5901">
        <type>component.layouts.1column</type>
        <config>{
  "visibility" : [ ]
}</config>
        <data xml:lang="x-default">{ }</data>
        <data xml:lang="en-US">{ }</data>
        <online-flag>true</online-flag>
        <online-flag site-id="SiteGenesis">true</online-flag>
        <page-attributes/>
        <content-links>
            <content-link content-id="138230f0cd59436fa6eb33bae2" type="component.layouts.1column.column1">
                <position>0.0</position>
            </content-link>
        </content-links>
    </content>

    <content content-id="b4c053f594eea22da63556ad16">
        <type>component.layouts.1column</type>
        <config>{
  "visibility" : [ ]
}</config>
        <data xml:lang="x-default">{ }</data>
        <data xml:lang="en-US">{ }</data>
        <online-flag>true</online-flag>
        <online-flag site-id="SiteGenesis">true</online-flag>
        <page-attributes/>
        <content-links>
            <content-link content-id="df321c75ef05540de22f76e0f1" type="component.layouts.1column.column1">
                <position>0.0</position>
            </content-link>
        </content-links>
    </content>

    <content content-id="categorytile_mens-accessories">
        <display-name xml:lang="x-default">Category Tile mens-accessories</display-name>
        <type>component.assets.categorytile</type>
        <config>{
  "visibility" : [ ]
}</config>
        <data xml:lang="x-default">{
          "image" : {
            "path" : "images/Summer-Fall2018/CategoryImages/MenAccessCat_1.jpg",
            "focal_point" : {
              "x" : 0.5,
              "y" : 0.5
            },
            "meta_data" : {
              "height" : 3744,
              "width" : 5616
            }
          },
          "text_headline" : "Fit into Summer",
          "text_alignment" : "Center",
          "category" : "mens-accessories"
        }</data>
        <data xml:lang="en-US">{
          "image" : {
            "path" : "images/Summer-Fall2018/CategoryImages/MenAccessCat_1.jpg",
            "focal_point" : {
              "x" : 0.5,
              "y" : 0.5
            },
            "meta_data" : {
              "height" : 3744,
              "width" : 5616
            }
          },
          "text_headline" : "Fit into Summer",
          "text_alignment" : "Center",
          "category" : "mens-accessories"
        }</data>
        <online-flag>true</online-flag>
        <page-attributes/>
    </content>

    <content content-id="categorytile_mens-clothing-suits">
        <display-name xml:lang="x-default">Category Tile mens-clothing-suits</display-name>
        <type>component.assets.categorytile</type>
        <config>{
  "visibility" : [ ]
}</config>
        <data xml:lang="x-default">{
          "image" : {
            "path" : "images/Summer-Fall2018/CategoryImages/MenSuitCat_1.jpg",
            "focal_point" : {
              "x" : 0.5,
              "y" : 0.5
            },
            "meta_data" : {
              "height" : 824,
              "width" : 550
            }
          },
          "text_headline" : "Men's Suits",
          "text_alignment" : "Center",
          "category" : "mens-clothing-suits"
        }</data>
        <data xml:lang="en-US">{
          "image" : {
            "path" : "images/Summer-Fall2018/CategoryImages/MenSuitCat_1.jpg",
            "focal_point" : {
              "x" : 0.5,
              "y" : 0.5
            },
            "meta_data" : {
              "height" : 824,
              "width" : 550
            }
          },
          "text_headline" : "Men's Suits",
          "text_alignment" : "Center",
          "category" : "mens-clothing-suits"
        }</data>
        <online-flag>true</online-flag>
        <page-attributes/>
    </content>

    <content content-id="categorytile_womens-accessories">
        <display-name xml:lang="x-default">Category Tile womens-accessories</display-name>
        <type>component.assets.categorytile</type>
        <config>{
  "visibility" : [ ]
}</config>
        <data xml:lang="x-default">{
          "image" : {
            "path" : "images/Summer-Fall2018/CategoryImages/WmnAccessCat_1.jpg",
            "focal_point" : {
              "x" : 0.5,
              "y" : 0.5
            },
            "meta_data" : {
              "height" : 342,
              "width" : 370
            }
          },
          "text_headline" : "New Arrivals",
          "text_subline" : "Shop Accessories",
          "text_alignment" : "Center",
          "category" : "womens-accessories"
        }</data>
        <data xml:lang="en-US">{
          "image" : {
            "path" : "images/Summer-Fall2018/CategoryImages/WmnAccessCat_1.jpg",
            "focal_point" : {
              "x" : 0.5,
              "y" : 0.5
            },
            "meta_data" : {
              "height" : 342,
              "width" : 370
            }
          },
          "text_headline" : "New Arrivals",
          "text_subline" : "Shop Accessories",
          "text_alignment" : "Center",
          "category" : "womens-accessories"
        }</data>
        <online-flag>true</online-flag>
        <page-attributes/>
    </content>

    <content content-id="categorytile_womens-clothing-dresses_1">
        <display-name xml:lang="x-default">Category Tile womens-clothing-dresses 1</display-name>
        <type>component.assets.categorytile</type>
        <config>{
  "visibility" : [ ]
}</config>
        <data xml:lang="x-default">{
          "image" : {
            "path" : "images/Summer-Fall2018/CategoryImages/WmnDressCat_1.jpg",
            "focal_point" : {
              "x" : 0.5,
              "y" : 0.5
            },
            "meta_data" : {
              "height" : 457,
              "width" : 421
            }
          },
          "text_headline" : "Women's Dresses",
          "text_subline" : "Explore our Collection",
          "text_alignment" : "Left",
          "category" : "womens-clothing-dresses"
        }</data>
        <data xml:lang="en-US">{
          "image" : {
            "path" : "images/Summer-Fall2018/CategoryImages/WmnDressCat_1.jpg",
            "focal_point" : {
              "x" : 0.5,
              "y" : 0.5
            },
            "meta_data" : {
              "height" : 457,
              "width" : 421
            }
          },
          "text_headline" : "Women's Dresses",
          "text_subline" : "Explore our Collection",
          "text_alignment" : "Left",
          "category" : "womens-clothing-dresses"
        }</data>
        <online-flag>true</online-flag>
        <page-attributes/>
    </content>

    <content content-id="categorytile_womens-clothing-dresses_2">
        <display-name xml:lang="x-default">Category Tile womens-clothing-dresses 2</display-name>
        <type>component.assets.categorytile</type>
        <config>{
  "visibility" : [ ]
}</config>
        <data xml:lang="x-default">{
          "image" : {
            "path" : "images/Summer-Fall2018/CategoryImages/WmnDressCat_2.png",
            "focal_point" : {
              "x" : 0.5,
              "y" : 0.5
            },
            "meta_data" : {
              "height" : 951,
              "width" : 1530
            }
          },
          "text_headline" : "Women's Dresses",
          "text_subline" : "20% off this week only",
          "text_alignment" : "Center",
          "category" : "womens-clothing-dresses"
        }</data>
        <data xml:lang="en-US">{
          "image" : {
            "path" : "images/Summer-Fall2018/CategoryImages/WmnDressCat_2.png",
            "focal_point" : {
              "x" : 0.5,
              "y" : 0.5
            },
            "meta_data" : {
              "height" : 951,
              "width" : 1530
            }
          },
          "text_headline" : "Women's Dresses",
          "text_subline" : "20% off this week only",
          "text_alignment" : "Center",
          "category" : "womens-clothing-dresses"
        }</data>
        <online-flag>true</online-flag>
        <page-attributes/>
    </content>

    <content content-id="categorytile_womens-clothing-feeling-red">
        <display-name xml:lang="x-default">Category Tile womens-clothing-feeling-red</display-name>
        <type>component.assets.categorytile</type>
        <config>{
  "visibility" : [ ]
}</config>
        <data xml:lang="x-default">{
          "image" : {
            "path" : "images/Summer-Fall2018/CategoryImages/WmnRedCat_1.jpg",
            "focal_point" : {
              "x" : 0.5,
              "y" : 0.5
            },
            "meta_data" : {
              "height" : 533,
              "width" : 800
            }
          },
          "text_headline" : "Shop Red",
          "text_subline" : "20% off this week only",
          "text_alignment" : "Left",
          "category" : "womens-clothing-feeling-red"
        }</data>
        <data xml:lang="en-US">{
          "image" : {
            "path" : "images/Summer-Fall2018/CategoryImages/WmnRedCat_1.jpg",
            "focal_point" : {
              "x" : 0.5,
              "y" : 0.5
            },
            "meta_data" : {
              "height" : 533,
              "width" : 800
            }
          },
          "text_headline" : "Shop Red",
          "text_subline" : "20% off this week only",
          "text_alignment" : "Left",
          "category" : "womens-clothing-feeling-red"
        }</data>
        <online-flag>true</online-flag>
        <page-attributes/>
    </content>

    <content content-id="de3406c316186572d3d300fd2a">
        <type>component.assets.ruledrivenproducttile</type>
        <config>{
  "visibility" : [ ]
}</config>
        <data xml:lang="x-default">{
  "shop_now_target" : null,
  "text_headline" : "Exclusive Jewelery",
  "category" : "womens-jewelry",
  "sorting_rule" : "price-high-to-low"
}</data>
        <data xml:lang="en-US">{
  "shop_now_target" : null,
  "text_headline" : "Exclusive Jewelery",
  "category" : "womens-jewelry",
  "sorting_rule" : "price-high-to-low"
}</data>
        <online-flag>true</online-flag>
        <online-flag site-id="SiteGenesis">true</online-flag>
        <page-attributes/>
    </content>

    <content content-id="df321c75ef05540de22f76e0f1">
        <type>component.assets.texttile</type>
        <config>{
  "visibility" : [ ]
}</config>
        <data xml:lang="x-default">{
  "richtext" : "&lt;p style=\"text-align: justify;\"&gt;&lt;strong&gt;Warranty&lt;/strong&gt;&lt;/p&gt;&lt;p&gt;Product is covered under 1 year standard warranty as well as additional 1-year warranty from time of purchase.&lt;/p&gt;&lt;p&gt;Warranty type of product is carry.&lt;/p&gt;&lt;p&gt;Warranty product will be null and void if:&lt;/p&gt;&lt;ul&gt;&lt;li&gt;&amp;nbsp;The product is damaged physically&lt;/li&gt;&lt;li&gt;&amp;nbsp;The product is repaired, maintained, modified, and disassembled&lt;/li&gt;&lt;/ul&gt;&lt;p&gt;Warranty limitation&lt;/p&gt;&lt;ul&gt;&lt;li&gt;Warranty product of product is limited to manufacturing defect&lt;/li&gt;&lt;li&gt;Warranty product of product doesn’t cover other accessories such as strap, lens, case, cap and others such as batteries&lt;/li&gt;&lt;li&gt;The warranty doesn’t cover replacement of product&lt;/li&gt;&lt;li&gt;Warranty doesn’t cover damages caused due to God and force majeure acts&lt;/li&gt;&lt;/ul&gt;&lt;p style=\"text-align: justify;\"&gt;Aside from this, knowing terms and conditions website template will help you a lot. Here is a template you can deal with so that you know what you should do. Knowing this warranty terms and conditions is a good help for you to get started.&lt;/p&gt;&lt;ul&gt;&lt;li&gt;Warranty terms&lt;/li&gt;&lt;li&gt;Warranty conditions&lt;/li&gt;&lt;li&gt;Extended warranty&lt;/li&gt;&lt;li&gt;General&lt;/li&gt;&lt;/ul&gt;&lt;p&gt;Having access to examples of terms and conditions will guide you and help you to know more ideas on how you should create or write your terms and conditions. It will definitely be your guide to know what you need to do. There is nothing wrong to make a research on the internet, especially if it is for the good of your business. You need to check on the best terms and conditions and make notes on how it is created by other people&lt;/p&gt;"
}</data>
        <data xml:lang="en-US">{
  "richtext" : "&lt;p style=\"text-align: justify;\"&gt;&lt;strong&gt;Warranty&lt;/strong&gt;&lt;/p&gt;&lt;p&gt;Product is covered under 1 year standard warranty as well as additional 1-year warranty from time of purchase.&lt;/p&gt;&lt;p&gt;Warranty type of product is carry.&lt;/p&gt;&lt;p&gt;Warranty product will be null and void if:&lt;/p&gt;&lt;ul&gt;&lt;li&gt;&amp;nbsp;The product is damaged physically&lt;/li&gt;&lt;li&gt;&amp;nbsp;The product is repaired, maintained, modified, and disassembled&lt;/li&gt;&lt;/ul&gt;&lt;p&gt;Warranty limitation&lt;/p&gt;&lt;ul&gt;&lt;li&gt;Warranty product of product is limited to manufacturing defect&lt;/li&gt;&lt;li&gt;Warranty product of product doesn’t cover other accessories such as strap, lens, case, cap and others such as batteries&lt;/li&gt;&lt;li&gt;The warranty doesn’t cover replacement of product&lt;/li&gt;&lt;li&gt;Warranty doesn’t cover damages caused due to God and force majeure acts&lt;/li&gt;&lt;/ul&gt;&lt;p style=\"text-align: justify;\"&gt;Aside from this, knowing terms and conditions website template will help you a lot. Here is a template you can deal with so that you know what you should do. Knowing this warranty terms and conditions is a good help for you to get started.&lt;/p&gt;&lt;ul&gt;&lt;li&gt;Warranty terms&lt;/li&gt;&lt;li&gt;Warranty conditions&lt;/li&gt;&lt;li&gt;Extended warranty&lt;/li&gt;&lt;li&gt;General&lt;/li&gt;&lt;/ul&gt;&lt;p&gt;Having access to examples of terms and conditions will guide you and help you to know more ideas on how you should create or write your terms and conditions. It will definitely be your guide to know what you need to do. There is nothing wrong to make a research on the internet, especially if it is for the good of your business. You need to check on the best terms and conditions and make notes on how it is created by other people&lt;/p&gt;"
}</data>
        <online-flag>true</online-flag>
        <online-flag site-id="SiteGenesis">true</online-flag>
        <page-attributes/>
    </content>

    <content content-id="dynamic-layout-sample-page">
        <display-name xml:lang="x-default">Dynamic Layout Sample Page</display-name>
        <type>page.dynamiclayout</type>
        <config>{
  "visibility" : [ ]
}</config>
        <online-flag>true</online-flag>
        <online-flag site-id="SiteGenesis">true</online-flag>
        <searchable-flag>true</searchable-flag>
        <searchable-flag site-id="SiteGenesis">true</searchable-flag>
        <page-attributes/>
        <content-links>
            <content-link content-id="0cfa3e1595b51f45b24a3374fb" type="page.dynamiclayout.main">
                <position>0.0</position>
            </content-link>
            <content-link content-id="73ecf89a4cf25d14cb27fc1be4" type="page.dynamiclayout.main">
                <position>1.0</position>
            </content-link>
        </content-links>
        <sitemap-included-flag site-id="SiteGenesis">false</sitemap-included-flag>
    </content>

    <content content-id="e21ffdc71ace79c50df5be36bd">
        <type>component.assets.ruledrivenproducttile</type>
        <config>{
  "visibility" : [ ]
}</config>
        <data xml:lang="x-default">{
  "shop_now_target" : null,
  "text_headline" : "New in Stock",
  "category" : "newarrivals-womens",
  "sorting_rule" : "most-popular"
}</data>
        <data xml:lang="en-US">{
  "shop_now_target" : null,
  "text_headline" : "New in Stock",
  "category" : "newarrivals-womens",
  "sorting_rule" : "most-popular"
}</data>
        <online-flag>true</online-flag>
        <online-flag site-id="SiteGenesis">true</online-flag>
        <page-attributes/>
    </content>

    <content content-id="fixed-layout-sample-page">
        <display-name xml:lang="x-default">Fixed Layout Sample Page</display-name>
        <display-name xml:lang="en-US">Finished Sample Page</display-name>
        <type>page.fixedlayout</type>
        <config>{
  "visibility" : [ ]
}</config>
        <online-flag>true</online-flag>
        <online-flag site-id="SiteGenesis">true</online-flag>
        <searchable-flag>true</searchable-flag>
        <searchable-flag site-id="SiteGenesis">true</searchable-flag>
        <page-attributes/>
        <content-links>
            <content-link content-id="headlinebanner_newarrivals-womens" type="page.fixedlayout.region1">
                <position>0.0</position>
            </content-link>
            <content-link content-id="producttile_25696677M" type="page.fixedlayout.region2">
                <position>0.0</position>
            </content-link>
            <content-link content-id="producttile_25502881M" type="page.fixedlayout.region3">
                <position>0.0</position>
            </content-link>
            <content-link content-id="producttile_25695242M" type="page.fixedlayout.region4">
                <position>0.0</position>
            </content-link>
            <content-link content-id="categorytile_womens-clothing-dresses_1" type="page.fixedlayout.region5">
                <position>0.0</position>
            </content-link>
            <content-link content-id="categorytile_womens-clothing-feeling-red" type="page.fixedlayout.region6">
                <position>0.0</position>
            </content-link>
            <content-link content-id="categorytile_womens-clothing-dresses_2" type="page.fixedlayout.region7">
                <position>0.0</position>
            </content-link>
            <content-link content-id="categorytile_mens-clothing-suits" type="page.fixedlayout.region8">
                <position>0.0</position>
            </content-link>
            <content-link content-id="categorytile_womens-accessories" type="page.fixedlayout.region9">
                <position>0.0</position>
            </content-link>
            <content-link content-id="categorytile_mens-accessories" type="page.fixedlayout.region10">
                <position>0.0</position>
            </content-link>
            <content-link content-id="headlinebanner_womens-accessories" type="page.fixedlayout.region11">
                <position>0.0</position>
            </content-link>
        </content-links>
        <sitemap-included-flag>false</sitemap-included-flag>
        <sitemap-included-flag site-id="SiteGenesis">false</sitemap-included-flag>
    </content>

    <content content-id="headlinebanner_newarrivals-womens">
        <display-name xml:lang="x-default">Headline Banner newarrivals-womens</display-name>
        <type>component.assets.headlinebanner</type>
        <config>{
  "visibility" : [ ]
}</config>
        <data xml:lang="x-default">{
          "image" : {
            "path" : "images/Summer-Fall2018/HeadlineImages/Headline1_lg.jpg",
            "focal_point" : {
              "x" : 0.5,
              "y" : 0.5
            },
            "meta_data" : {
              "height" : 715,
              "width" : 2783
            }
          },
          "text_subline" : "&lt;p&gt;&lt;a href=\"$url('Search-Show','cgid','newarrivals-womens')$\" target=\"_blank\" data-link-type=\"category\" data-category-id=\"newarrivals-womens\" data-category-label=\"newarrivals-womens (Womens)\" data-category-catalog=\"storefront-catalog-en\" data-category-type=\"category\"&gt;Explore the look of the summer&lt;/a&gt;&lt;/p&gt;",
          "text_headline" : "&lt;p&gt;&lt;a href=\"$url('Search-Show','cgid','newarrivals-womens')$\" target=\"_blank\" data-link-type=\"category\" data-category-id=\"newarrivals-womens\" data-category-label=\"newarrivals-womens (Womens)\" data-category-catalog=\"storefront-catalog-en\" data-category-type=\"category\"&gt;SUMMER STYLE&lt;/a&gt;&lt;/p&gt;"
        }</data>
        <data xml:lang="en-US">{
          "image" : {
            "path" : "images/Summer-Fall2018/HeadlineImages/Headline1_lg.jpg",
            "focal_point" : {
              "x" : 0.5,
              "y" : 0.5
            },
            "meta_data" : {
              "height" : 715,
              "width" : 2783
            }
          },
          "text_subline" : "&lt;p&gt;&lt;a href=\"$url('Search-Show','cgid','newarrivals-womens')$\" target=\"_blank\" data-link-type=\"category\" data-category-id=\"newarrivals-womens\" data-category-label=\"newarrivals-womens (Womens)\" data-category-catalog=\"storefront-catalog-en\" data-category-type=\"category\"&gt;Explore the look of the summer&lt;/a&gt;&lt;/p&gt;",
          "text_headline" : "&lt;p&gt;&lt;a href=\"$url('Search-Show','cgid','newarrivals-womens')$\" target=\"_blank\" data-link-type=\"category\" data-category-id=\"newarrivals-womens\" data-category-label=\"newarrivals-womens (Womens)\" data-category-catalog=\"storefront-catalog-en\" data-category-type=\"category\"&gt;SUMMER STYLE&lt;/a&gt;&lt;/p&gt;"
        }</data>
        <online-flag>true</online-flag>
        <page-attributes/>
    </content>

    <content content-id="headlinebanner_womens-accessories">
        <display-name xml:lang="x-default">Headline Banner womens-accessories</display-name>
        <type>component.assets.headlinebanner</type>
        <config>{
  "visibility" : [ ]
}</config>
        <data xml:lang="x-default">{
          "image" : {
            "path" : "images/Summer-Fall2018/HeadlineImages/Headline2_lg.jpg",
            "focal_point" : {
              "x" : 0.5,
              "y" : 0.5
            },
            "meta_data" : {
              "height" : 657,
              "width" : 2000
            }
          },
          "text_headline" : "&lt;p&gt;&lt;a href=\"$url('Search-Show','cgid','womens-accessories')$\" target=\"_blank\" data-link-type=\"category\" data-category-id=\"womens-accessories\" data-category-label=\"womens-accessories (Accessories)\" data-category-catalog=\"storefront-catalog-en\" data-category-type=\"category\"&gt;SHOP THE STYLE&lt;/a&gt;&lt;/p&gt;"
        }</data>
        <data xml:lang="en-US">{
          "image" : {
            "path" : "images/Summer-Fall2018/HeadlineImages/Headline2_lg.jpg",
            "focal_point" : {
              "x" : 0.5,
              "y" : 0.5
            },
            "meta_data" : {
              "height" : 657,
              "width" : 2000
            }
          },
          "text_headline" : "&lt;p&gt;&lt;a href=\"$url('Search-Show','cgid','womens-accessories')$\" target=\"_blank\" data-link-type=\"category\" data-category-id=\"womens-accessories\" data-category-label=\"womens-accessories (Accessories)\" data-category-catalog=\"storefront-catalog-en\" data-category-type=\"category\"&gt;SHOP THE STYLE&lt;/a&gt;&lt;/p&gt;"
        }</data>
        <online-flag>true</online-flag>
        <page-attributes/>
    </content>

    <content content-id="producttile_25502881M">
        <display-name xml:lang="x-default">Product Tile 25502881M</display-name>
        <type>component.assets.producttile</type>
        <config>{
  "visibility" : [ ]
}</config>
        <data xml:lang="x-default">{
          "product" : "25502881"
        }</data>
        <data xml:lang="en-US">{
          "product" : "25502881"
        }</data>
        <online-flag>true</online-flag>
        <page-attributes/>
    </content>

    <content content-id="producttile_25695242M">
        <display-name xml:lang="x-default">Product Tile 25695242M</display-name>
        <type>component.assets.producttile</type>
        <config>{
  "visibility" : [ ]
}</config>
        <data xml:lang="x-default">{
          "product" : "25695242"
        }</data>
        <data xml:lang="en-US">{
          "product" : "25695242"
        }</data>
        <online-flag>true</online-flag>
        <page-attributes/>
    </content>

    <content content-id="producttile_25696677M">
        <display-name xml:lang="x-default">Product Tile 25696677M</display-name>
        <type>component.assets.producttile</type>
        <config>{
  "visibility" : [ ]
}</config>
        <data xml:lang="x-default">{
          "product" : "25696677"
        }</data>
        <data xml:lang="en-US">{
          "product" : "25696677"
        }</data>
        <online-flag>true</online-flag>
        <page-attributes/>
    </content>

    <content content-id="searchable-sample-page">
        <display-name xml:lang="x-default">Warranty Policy</display-name>
        <description xml:lang="x-default">

Warranty

Product is covered under 1 year standard warranty as well as additional 1-year warranty from time of purchase.

Warranty type of product is carry.

Warranty product will be null and void if:

     The product is damaged physically
     The product is repaired, maintained, modified, and disassembled

Warranty limitation

    Warranty product of product is limited to manufacturing defect
    Warranty product of product doesn’t cover other accessories such as strap, lens, case, cap and others such as batteries
    The warranty doesn’t cover replacement of product
    Warranty doesn’t cover damages caused due to God and force majeure acts

Aside from this, knowing terms and conditions website template will help you a lot. Here is a template you can deal with so that you know what you should do. Knowing this warranty terms and conditions is a good help for you to get started.

    Warranty terms
    Warranty conditions
    Extended warranty
    General

Having access to examples of terms and conditions will guide you and help you to know more ideas on how you should create or write your terms and conditions. It will definitely be your guide to know what you need to do. There is nothing wrong to make a research on the internet, especially if it is for the good of your business. You need to check on the best terms and conditions and make notes on how it is created by other people
</description>
        <type>page.dynamiclayout</type>
        <config>{
  "visibility" : [ ]
}</config>
        <online-flag>true</online-flag>
        <online-flag site-id="SiteGenesis">true</online-flag>
        <searchable-flag>true</searchable-flag>
        <searchable-flag site-id="SiteGenesis">true</searchable-flag>
        <page-attributes/>
        <content-links>
            <content-link content-id="b4c053f594eea22da63556ad16" type="page.dynamiclayout.main">
                <position>1.0</position>
            </content-link>
            <content-link content-id="a85e07337e5cee4b124b1b5901" type="page.dynamiclayout.main">
                <position>0.0</position>
            </content-link>
        </content-links>
        <sitemap-included-flag site-id="SiteGenesis">false</sitemap-included-flag>
    </content>

</library>
